card_id,icon,category,id
10102001,Attr_17,Plant,3
10101010,Attr_17,Plant,4
10105001,Attr_17,Plant,5
10101008,Attr_17,Plant,6
10106004,Attr_17,Plant,7
10101013,Attr_17,Plant,8
10106002,Attr_17,Plant,9
10106008,Attr_17,Plant,10
10101011,Attr_17,Plant,11
10106015,Attr_17,Plant,12
10101022,Attr_17,Plant,13
10101016,Attr_17,Plant,14
10106011,Attr_17,Plant,15
10106019,Attr_17,Plant,16
10105006,Attr_17,Plant,17
10103023,Attr_17,Plant,18
10101048,Attr_24,Skel,19
10101047,Attr_24,Skel,20
10106009,Attr_24,Skel,21
10101031,Attr_24,Skel,22
10101029,Attr_24,Skel,23
10104016,Attr_24,Skel,24
10101038,Attr_24,Skel,25
10101059,Attr_24,Skel,26
10102025,Attr_24,Skel,27
10104021,Attr_24,Skel,28
10105030,Attr_24,Skel,29
10101092,Attr_24,Skel,30
10101093,Attr_24,Skel,31
10104006,Attr_25,Munak,32
10103008,Attr_25,Munak,33
10105005,Attr_25,Munak,34
10101058,Attr_25,Munak,35
10101030,Attr_25,Munak,36
10104005,Attr_25,Munak,37
10107010,Attr_25,Munak,38
10106020,Attr_25,Munak,39
10106034,Attr_25,Munak,40
10101083,Attr_25,Munak,41
10103003,Attr_26,Wild,42
10102010,Attr_26,Wild,43
10101006,Attr_26,Wild,44
10102014,Attr_26,Wild,45
10101003,Attr_26,Wild,46
10101025,Attr_26,Wild,47
10106001,Attr_26,Wild,48
10101034,Attr_26,Wild,49
10101035,Attr_26,Wild,50
10101051,Attr_26,Wild,51
10103006,Attr_26,Wild,52
10106052,Attr_26,Wild,53
10101002,Attr_27,Tame,54
10102003,Attr_27,Tame,55
10102019,Attr_27,Tame,56
10105002,Attr_27,Tame,57
10106005,Attr_27,Tame,58
10105013,Attr_27,Tame,59
10106003,Attr_27,Tame,60
10104004,Attr_28,Predator,61
10101007,Attr_28,Predator,62
10103007,Attr_28,Predator,63
10101027,Attr_28,Predator,64
10102011,Attr_28,Predator,65
10107009,Attr_28,Predator,66
10102020,Attr_28,Predator,67
10101032,Attr_28,Predator,68
10105029,Attr_28,Predator,69
10105004,Attr_29,Spirit,70
10101036,Attr_29,Spirit,71
10103005,Attr_29,Spirit,72
10102015,Attr_29,Spirit,73
10104008,Attr_29,Spirit,74
10103010,Attr_29,Spirit,75
10102027,Attr_29,Spirit,76
10105028,Attr_29,Spirit,77
10106047,Attr_29,Spirit,78
10101085,Attr_29,Spirit,79
10102030,Attr_29,Spirit,80
10101094,Attr_29,Spirit,81
10106055,Attr_29,Spirit,82
10105035,Attr_29,Spirit,83
10103001,Attr_30,Invisible Demon,84
10103020,Attr_30,Invisible Demon,85
10103019,Attr_31,Cunning Demon,86
10105007,Attr_31,Cunning Demon,87
10105008,Attr_31,Cunning Demon,88
10106033,Attr_31,Cunning Demon,89
10104009,Attr_31,Cunning Demon,90
10101086,Attr_31,Cunning Demon,91
10103024,Attr_31,Cunning Demon,92
10106054,Attr_31,Cunning Demon,93
10106032,Attr_32,Reptile,94
10106028,Attr_32,Reptile,95
10101024,Attr_32,Reptile,96
10101060,Attr_32,Reptile,97
10104001,Attr_32,Reptile,98
10101004,Attr_32,Reptile,99
10102002,Attr_32,Reptile,100
10101001,Attr_32,Reptile,101
10101009,Attr_32,Reptile,102
10103004,Attr_32,Reptile,103
10107001,Attr_32,Reptile,104
10102004,Attr_32,Reptile,105
10106007,Attr_32,Reptile,106
10107007,Attr_32,Reptile,107
10106048,Attr_32,Reptile,108
10102009,Attr_33,Carapace,109
10107008,Attr_33,Carapace,110
10101028,Attr_33,Carapace,111
10107006,Attr_33,Carapace,112
10107017,Attr_33,Carapace,113
10107002,Attr_33,Carapace,114
10101040,Attr_34,Flying Insect,115
10104002,Attr_34,Flying Insect,116
10102013,Attr_34,Flying Insect,117
10106013,Attr_34,Flying Insect,118
10101021,Attr_34,Flying Insect,119
10105003,Attr_34,Flying Insect,120
10106006,Attr_34,Flying Insect,121
10102016,Attr_34,Flying Insect,122
10101005,Attr_34,Flying Insect,123
10106014,Attr_34,Flying Insect,124
10101033,Attr_34,Flying Insect,125
10102029,Attr_34,Flying Insect,126
10101039,Attr_35,Sacrifice,127
10105012,Attr_35,Sacrifice,128
10106027,Attr_35,Sacrifice,129
10101050,Attr_35,Sacrifice,130
10102021,Attr_35,Sacrifice,131
10107013,Attr_35,Sacrifice,132
10101062,Attr_36,Kobold,133
10101065,Attr_36,Kobold,134
10101068,Attr_36,Kobold,135
10106024,Attr_36,Kobold,136
10101037,Attr_37,Orc,137
10107012,Attr_37,Orc,138
10106021,Attr_37,Orc,139
10103016,Attr_37,Orc,140
10107011,Attr_37,Orc,141
10101066,Attr_38,Goblin,142
10101067,Attr_38,Goblin,143
10101019,Attr_38,Goblin,144
10101020,Attr_38,Goblin,145
10101064,Attr_38,Goblin,146
10101063,Attr_38,Goblin,147
10101061,Attr_38,Goblin,148
10101041,Attr_38,Goblin,149
10102008,Attr_39,Deep Sea,150
10106012,Attr_39,Deep Sea,151
10106010,Attr_39,Deep Sea,152
10102007,Attr_39,Deep Sea,153
10101015,Attr_40,Shallow Sea,154
10102006,Attr_40,Shallow Sea,155
10101017,Attr_40,Shallow Sea,156
10103002,Attr_40,Shallow Sea,157
10102005,Attr_40,Shallow Sea,158
10102001,Attr_41,Poring,159
10101010,Attr_41,Poring,160
10106004,Attr_41,Poring,161
10105001,Attr_42,Forest Creature,162
10101008,Attr_42,Forest Creature,163
10106019,Attr_42,Forest Creature,164
10105006,Attr_42,Forest Creature,165
10106002,Attr_42,Forest Creature,166
10106008,Attr_42,Forest Creature,167
10106015,Attr_42,Forest Creature,168
10103023,Attr_42,Forest Creature,169
10101011,Attr_43,Water Plant,170
10101013,Attr_43,Water Plant,171
10101022,Attr_43,Water Plant,172
10101016,Attr_43,Water Plant,173
10106011,Attr_43,Water Plant,174
10106053,Attr_43,Water Plant,175
10101026,Attr_44,Hard,176
10106016,Attr_44,Hard,177
10101023,Attr_44,Hard,178
10104007,Attr_44,Hard,179
10105036,Attr_44,Hard,180
10105037,Attr_44,Hard,181
10103018,Attr_45,Specter,182
10106018,Attr_45,Specter,183
10103009,Attr_45,Specter,184
10101084,Attr_45,Specter,185
10105034,Attr_45,Specter,186
10101049,Attr_46,Myth,187
10107018,Attr_46,Myth,188
10102001,Attr_47,Suburb,189
10101001,Attr_47,Suburb,190
10102002,Attr_47,Suburb,191
10101002,Attr_47,Suburb,192
10103003,Attr_47,Suburb,193
10102016,Attr_47,Suburb,194
10101008,Attr_47,Suburb,195
10101006,Attr_47,Suburb,196
10107001,Attr_48,Sewer,197
10102004,Attr_48,Sewer,198
10101003,Attr_48,Sewer,199
10101004,Attr_48,Sewer,200
10101013,Attr_48,Sewer,201
10106001,Attr_48,Sewer,202
10104001,Attr_48,Sewer,203
10106008,Attr_48,Sewer,204
10101025,Attr_48,Sewer,205
10101021,Attr_49,Mountain Range,206
10107002,Attr_49,Mountain Range,207
10106006,Attr_49,Mountain Range,208
10105003,Attr_49,Mountain Range,209
10106013,Attr_49,Mountain Range,210
10101009,Attr_49,Mountain Range,211
10107006,Attr_49,Mountain Range,212
10101022,Attr_49,Mountain Range,213
10102009,Attr_49,Mountain Range,214
10101049,Attr_49,Mountain Range,215
10107018,Attr_49,Mountain Range,216
10102013,Attr_50,Mist Forest,217
10105002,Attr_50,Mist Forest,218
10106005,Attr_50,Mist Forest,219
10101005,Attr_50,Mist Forest,220
10107017,Attr_50,Mist Forest,221
10106003,Attr_50,Mist Forest,222
10101040,Attr_50,Mist Forest,223
10106014,Attr_50,Mist Forest,224
10102014,Attr_50,Mist Forest,225
10102020,Attr_50,Mist Forest,226
10103019,Attr_50,Mist Forest,227
10105013,Attr_51,Mine,228
10105004,Attr_51,Mine,229
10101048,Attr_51,Mine,230
10103018,Attr_51,Mine,231
10106007,Attr_52,Sunken Ship,232
10101011,Attr_52,Sunken Ship,233
10106009,Attr_52,Sunken Ship,234
10103001,Attr_52,Sunken Ship,235
10102005,Attr_53,Ghost Ship,236
10101058,Attr_53,Ghost Ship,237
10104006,Attr_53,Ghost Ship,238
10101059,Attr_53,Ghost Ship,239
10102025,Attr_53,Ghost Ship,240
10105012,Attr_54,Sand Tomb,241
10106027,Attr_54,Sand Tomb,242
10101050,Attr_54,Sand Tomb,243
10102021,Attr_54,Sand Tomb,244
10107013,Attr_54,Sand Tomb,245
10101023,Attr_55,Desert,246
10102003,Attr_55,Desert,247
10101010,Attr_55,Desert,248
10102019,Attr_55,Desert,249
10104002,Attr_55,Desert,250
10102011,Attr_55,Desert,251
10106015,Attr_55,Desert,252
10102010,Attr_55,Desert,253
10101033,Attr_55,Desert,254
10101034,Attr_55,Desert,255
10101028,Attr_55,Desert,256
10101026,Attr_55,Desert,257
10101036,Attr_55,Desert,258
10103004,Attr_55,Desert,259
10101027,Attr_55,Desert,260
10103006,Attr_55,Desert,261
10101035,Attr_56,Pyramid,262
10104004,Attr_56,Pyramid,263
10101047,Attr_56,Pyramid,264
10101031,Attr_56,Pyramid,265
10101030,Attr_56,Pyramid,266
10104005,Attr_56,Pyramid,267
10103005,Attr_56,Pyramid,268
10101032,Attr_56,Pyramid,269
10107008,Attr_56,Pyramid,270
10107007,Attr_57,Ant Nest,271
10101024,Attr_57,Ant Nest,272
10101060,Attr_57,Ant Nest,273
10106032,Attr_57,Ant Nest,274
10106028,Attr_57,Ant Nest,275
10101015,Attr_58,Sea,276
10101016,Attr_58,Sea,277
10102006,Attr_58,Sea,278
10106010,Attr_58,Sea,279
10106011,Attr_58,Sea,280
10102007,Attr_58,Sea,281
10103002,Attr_58,Sea,282
10106012,Attr_58,Sea,283
10102008,Attr_58,Sea,284
10101017,Attr_58,Sea,285
10105001,Attr_59,Mountain,286
10106004,Attr_59,Mountain,287
10106002,Attr_59,Mountain,288
10106019,Attr_59,Mountain,289
10107009,Attr_59,Mountain,290
10101051,Attr_59,Mountain,291
10101007,Attr_59,Mountain,292
10105006,Attr_59,Mountain,293
10106016,Attr_59,Mountain,294
10103007,Attr_59,Mountain,295
10104007,Attr_59,Mountain,296
10101029,Attr_60,Cave of Resentment,297
10107010,Attr_60,Cave of Resentment,298
10106020,Attr_60,Cave of Resentment,299
10102015,Attr_60,Cave of Resentment,300
10104008,Attr_60,Cave of Resentment,301
10106018,Attr_60,Cave of Resentment,302
10104016,Attr_60,Cave of Resentment,303
10103020,Attr_60,Cave of Resentment,304
10101037,Attr_61,Other Race,305
10103016,Attr_61,Other Race,306
10107011,Attr_61,Other Race,307
10107012,Attr_61,Other Race,308
10101041,Attr_61,Other Race,309
10101061,Attr_61,Other Race,310
10101020,Attr_61,Other Race,311
10101019,Attr_61,Other Race,312
10101064,Attr_61,Other Race,313
10101067,Attr_61,Other Race,314
10101066,Attr_61,Other Race,315
10101063,Attr_61,Other Race,316
10101062,Attr_61,Other Race,317
10101068,Attr_61,Other Race,318
10101065,Attr_61,Other Race,319
10106024,Attr_61,Other Race,320
10103009,Attr_62,Dark Ruins,321
10105005,Attr_62,Dark Ruins,322
10103010,Attr_62,Dark Ruins,323
10105007,Attr_62,Dark Ruins,324
10105008,Attr_62,Dark Ruins,325
10106033,Attr_62,Dark Ruins,326
10106034,Attr_62,Dark Ruins,327
10103008,Attr_63,Orc Cave,328
10101038,Attr_63,Orc Cave,329
10101039,Attr_63,Orc Cave,330
10106021,Attr_63,Orc Cave,331
10107001,Attr_1,Shadow,340
10101003,Attr_1,Shadow,341
10101004,Attr_1,Shadow,342
10106001,Attr_1,Shadow,343
10104001,Attr_1,Shadow,344
10101025,Attr_1,Shadow,345
10104004,Attr_1,Shadow,346
10103005,Attr_1,Shadow,347
10101050,Attr_1,Shadow,348
10102015,Attr_1,Shadow,349
10103019,Attr_1,Shadow,350
10105007,Attr_1,Shadow,351
10101039,Attr_1,Shadow,352
10104009,Attr_1,Shadow,356
10106047,Attr_1,Shadow,357
10104021,Attr_1,Shadow,358
10101085,Attr_1,Shadow,359
10101086,Attr_1,Shadow,360
10102030,Attr_1,Shadow,364
10106054,Attr_1,Shadow,368
10101058,Attr_2,Undead,373
10104006,Attr_2,Undead,374
10101059,Attr_2,Undead,375
10106009,Attr_2,Undead,376
10102025,Attr_2,Undead,377
10101048,Attr_2,Undead,378
10101047,Attr_2,Undead,379
10101031,Attr_2,Undead,380
10101030,Attr_2,Undead,381
10104005,Attr_2,Undead,382
10107013,Attr_2,Undead,383
10101029,Attr_2,Undead,384
10107010,Attr_2,Undead,385
10106020,Attr_2,Undead,386
10103008,Attr_2,Undead,387
10104016,Attr_2,Undead,388
10101038,Attr_2,Undead,389
10105005,Attr_2,Undead,390
10106034,Attr_2,Undead,391
10101083,Attr_2,Undead,397
10105030,Attr_2,Undead,398
10101092,Attr_2,Undead,399
10101093,Attr_2,Undead,400
10101001,Attr_3,Earth,410
10102002,Attr_3,Earth,411
10105001,Attr_3,Earth,412
10102016,Attr_3,Earth,413
10101008,Attr_3,Earth,414
10101006,Attr_3,Earth,415
10105002,Attr_3,Earth,416
10106005,Attr_3,Earth,417
10101005,Attr_3,Earth,418
10101009,Attr_3,Earth,419
10107017,Attr_3,Earth,420
10105013,Attr_3,Earth,421
10106003,Attr_3,Earth,422
10105004,Attr_3,Earth,423
10106015,Attr_3,Earth,424
10106014,Attr_3,Earth,425
10102014,Attr_3,Earth,426
10101022,Attr_3,Earth,427
10103004,Attr_3,Earth,428
10101024,Attr_3,Earth,429
10101060,Attr_3,Earth,430
10106032,Attr_3,Earth,431
10106028,Attr_3,Earth,432
10107008,Attr_3,Earth,433
10106019,Attr_3,Earth,434
10107009,Attr_3,Earth,435
10101051,Attr_3,Earth,436
10101007,Attr_3,Earth,437
10103016,Attr_3,Earth,438
10101064,Attr_3,Earth,439
10107011,Attr_3,Earth,440
10101049,Attr_3,Earth,441
10101037,Attr_3,Earth,442
10106021,Attr_3,Earth,443
10101084,Attr_3,Earth,450
10105036,Attr_3,Earth,451
10106004,Attr_4,Poison/Ghost,452
10106008,Attr_4,Poison/Ghost,453
10103018,Attr_4,Poison/Ghost,454
10107006,Attr_4,Poison/Ghost,455
10101034,Attr_4,Poison/Ghost,456
10101035,Attr_4,Poison/Ghost,457
10102009,Attr_4,Poison/Ghost,458
10101065,Attr_4,Poison/Ghost,459
10101066,Attr_4,Poison/Ghost,460
10101019,Attr_4,Poison/Ghost,461
10103001,Attr_4,Poison/Ghost,465
10104007,Attr_4,Poison/Ghost,466
10103010,Attr_4,Poison/Ghost,467
10103020,Attr_4,Poison/Ghost,468
10105008,Attr_4,Poison/Ghost,469
10106052,Attr_4,Poison/Ghost,470
10106053,Attr_4,Poison/Ghost,471
10103003,Attr_5,Wind,478
10104002,Attr_5,Wind,479
10101021,Attr_5,Wind,480
10106006,Attr_5,Wind,481
10102013,Attr_5,Wind,482
10105003,Attr_5,Wind,483
10106013,Attr_5,Wind,484
10101040,Attr_5,Wind,485
10101067,Attr_5,Wind,486
10107018,Attr_5,Wind,487
10101068,Attr_5,Wind,488
10101020,Attr_5,Wind,489
10101041,Attr_5,Wind,490
10106033,Attr_5,Wind,491
10105028,Attr_5,Wind,492
10103023,Attr_5,Wind,493
10103024,Attr_5,Wind,494
10105035,Attr_5,Wind,495
10102003,Attr_6,Fire,503
10101010,Attr_6,Fire,504
10102019,Attr_6,Fire,505
10102011,Attr_6,Fire,506
10102010,Attr_6,Fire,507
10101033,Attr_6,Fire,508
10101028,Attr_6,Fire,509
10101027,Attr_6,Fire,510
10103006,Attr_6,Fire,511
10105012,Attr_6,Fire,512
10101032,Attr_6,Fire,513
10106027,Attr_6,Fire,514
10102021,Attr_6,Fire,515
10105006,Attr_6,Fire,516
10106016,Attr_6,Fire,517
10103007,Attr_6,Fire,518
10101061,Attr_6,Fire,519
10106018,Attr_6,Fire,520
10101062,Attr_6,Fire,521
10103009,Attr_6,Fire,522
10106024,Attr_6,Fire,523
10107012,Attr_6,Fire,524
10105029,Attr_6,Fire,525
10102029,Attr_6,Fire,529
10102001,Attr_8,Water,544
10101013,Attr_8,Water,545
10107002,Attr_8,Water,546
10106002,Attr_8,Water,547
10102005,Attr_8,Water,548
10106007,Attr_8,Water,549
10101011,Attr_8,Water,550
10101036,Attr_8,Water,551
10101015,Attr_8,Water,552
10101016,Attr_8,Water,553
10102006,Attr_8,Water,554
10106010,Attr_8,Water,555
10106011,Attr_8,Water,556
10102007,Attr_8,Water,557
10103002,Attr_8,Water,558
10106012,Attr_8,Water,559
10102008,Attr_8,Water,560
10101017,Attr_8,Water,561
10104008,Attr_8,Water,562
10101063,Attr_8,Water,563
10101002,Attr_9,Neutral/Holy,573
10101023,Attr_9,Neutral/Holy,574
10102004,Attr_9,Neutral/Holy,575
10102020,Attr_9,Neutral/Holy,576
10101026,Attr_9,Neutral/Holy,577
10107007,Attr_9,Neutral/Holy,578
10102027,Attr_9,Neutral/Holy,579
10106048,Attr_9,Neutral/Holy,580
10105034,Attr_9,Neutral/Holy,586
10101094,Attr_9,Neutral/Holy,587
10106055,Attr_9,Neutral/Holy,588
10105037,Attr_9,Neutral/Holy,589
10101058,Attr_11,Undead,594
10104006,Attr_11,Undead,595
10101059,Attr_11,Undead,596
10106009,Attr_11,Undead,597
10102025,Attr_11,Undead,598
10101048,Attr_11,Undead,599
10101047,Attr_11,Undead,600
10101031,Attr_11,Undead,601
10101030,Attr_11,Undead,602
10104005,Attr_11,Undead,603
10101029,Attr_11,Undead,604
10107010,Attr_11,Undead,605
10106020,Attr_11,Undead,606
10103008,Attr_11,Undead,607
10104016,Attr_11,Undead,608
10101038,Attr_11,Undead,609
10105005,Attr_11,Undead,610
10106034,Attr_11,Undead,611
10101083,Attr_11,Undead,612
10104021,Attr_11,Undead,613
10105030,Attr_11,Undead,614
10101092,Attr_11,Undead,615
10101093,Attr_11,Undead,616
10101002,Attr_12,Brute,629
10102003,Attr_12,Brute,630
10103003,Attr_12,Brute,631
10102019,Attr_12,Brute,632
10101006,Attr_12,Brute,633
10101003,Attr_12,Brute,634
10102011,Attr_12,Brute,635
10106001,Attr_12,Brute,636
10101025,Attr_12,Brute,637
10105002,Attr_12,Brute,638
10106005,Attr_12,Brute,639
10105013,Attr_12,Brute,640
10106003,Attr_12,Brute,641
10102010,Attr_12,Brute,642
10102014,Attr_12,Brute,643
10101034,Attr_12,Brute,644
10102020,Attr_12,Brute,645
10101035,Attr_12,Brute,646
10104004,Attr_12,Brute,647
10101027,Attr_12,Brute,648
10103006,Attr_12,Brute,649
10101032,Attr_12,Brute,650
10107009,Attr_12,Brute,651
10101051,Attr_12,Brute,652
10101007,Attr_12,Brute,653
10103007,Attr_12,Brute,654
10106048,Attr_12,Brute,658
10105029,Attr_12,Brute,659
10106052,Attr_12,Brute,663
10105004,Attr_13,Demon,674
10103001,Attr_13,Demon,675
10101036,Attr_13,Demon,676
10103005,Attr_13,Demon,677
10102015,Attr_13,Demon,678
10104008,Attr_13,Demon,679
10103010,Attr_13,Demon,680
10103020,Attr_13,Demon,681
10103019,Attr_13,Demon,682
10105007,Attr_13,Demon,683
10105008,Attr_13,Demon,684
10106033,Attr_13,Demon,685
10102027,Attr_13,Demon,694
10105028,Attr_13,Demon,695
10101086,Attr_13,Demon,696
10103024,Attr_13,Demon,705
10106054,Attr_13,Demon,706
10101001,Attr_14,Insect,721
10102002,Attr_14,Insect,722
10102016,Attr_14,Insect,723
10104002,Attr_14,Insect,724
10107001,Attr_14,Insect,725
10102004,Attr_14,Insect,726
10101004,Attr_14,Insect,727
10101021,Attr_14,Insect,728
10107002,Attr_14,Insect,729
10104001,Attr_14,Insect,730
10106006,Attr_14,Insect,731
10102013,Attr_14,Insect,732
10105003,Attr_14,Insect,733
10106013,Attr_14,Insect,734
10101005,Attr_14,Insect,735
10101009,Attr_14,Insect,736
10106007,Attr_14,Insect,737
10107017,Attr_14,Insect,738
10101040,Attr_14,Insect,739
10107006,Attr_14,Insect,740
10106014,Attr_14,Insect,741
10101033,Attr_14,Insect,742
10101028,Attr_14,Insect,743
10107007,Attr_14,Insect,744
10103004,Attr_14,Insect,745
10101024,Attr_14,Insect,746
10101060,Attr_14,Insect,747
10102009,Attr_14,Insect,748
10106032,Attr_14,Insect,749
10106028,Attr_14,Insect,750
10107008,Attr_14,Insect,751
10102029,Attr_14,Insect,752
10105012,Attr_15,Demi-Human,762
10106027,Attr_15,Demi-Human,763
10101050,Attr_15,Demi-Human,764
10102021,Attr_15,Demi-Human,765
10107013,Attr_15,Demi-Human,766
10101061,Attr_15,Demi-Human,767
10103016,Attr_15,Demi-Human,768
10101063,Attr_15,Demi-Human,769
10101062,Attr_15,Demi-Human,770
10101064,Attr_15,Demi-Human,771
10107011,Attr_15,Demi-Human,772
10101065,Attr_15,Demi-Human,773
10101066,Attr_15,Demi-Human,774
10101067,Attr_15,Demi-Human,775
10101019,Attr_15,Demi-Human,776
10106024,Attr_15,Demi-Human,777
10101037,Attr_15,Demi-Human,778
10101039,Attr_15,Demi-Human,779
10101068,Attr_15,Demi-Human,780
10101020,Attr_15,Demi-Human,781
10107012,Attr_15,Demi-Human,782
10106021,Attr_15,Demi-Human,783
10101041,Attr_15,Demi-Human,784
10104009,Attr_15,Demi-Human,788
10101085,Attr_15,Demi-Human,789
10102030,Attr_15,Demi-Human,790
10101094,Attr_15,Demi-Human,791
10106055,Attr_15,Demi-Human,792
10105035,Attr_15,Demi-Human,793
10102005,Attr_16,Fish,805
10101015,Attr_16,Fish,806
10102006,Attr_16,Fish,807
10106010,Attr_16,Fish,808
10102007,Attr_16,Fish,809
10103002,Attr_16,Fish,810
10106012,Attr_16,Fish,811
10102008,Attr_16,Fish,812
10101017,Attr_16,Fish,813
10106053,Attr_16,Fish,814
10101023,Attr_20,Angel/Dragon/Formless,818
10103018,Attr_20,Angel/Dragon/Formless,819
10101026,Attr_20,Angel/Dragon/Formless,820
10106016,Attr_20,Angel/Dragon/Formless,821
10104007,Attr_20,Angel/Dragon/Formless,822
10106018,Attr_20,Angel/Dragon/Formless,823
10103009,Attr_20,Angel/Dragon/Formless,824
10101049,Attr_20,Angel/Dragon/Formless,825
10107018,Attr_20,Angel/Dragon/Formless,826
10106047,Attr_20,Angel/Dragon/Formless,827
10101084,Attr_20,Angel/Dragon/Formless,828
10105034,Attr_20,Angel/Dragon/Formless,832
10105036,Attr_20,Angel/Dragon/Formless,833
10105037,Attr_20,Angel/Dragon/Formless,834
10107002,,Large,873
10103018,,Large,874
10106015,,Large,875
10107006,,Large,876
10102010,,Large,877
10102014,,Large,878
10101022,,Large,879
10102020,,Large,880
10101026,,Large,881
10102009,,Large,882
10105012,,Large,883
10103005,,Large,884
10102007,,Large,885
10101032,,Large,886
10107009,,Large,887
10107013,,Large,888
10107012,,Large,889
10105008,,Large,890
10101041,,Large,891
10106034,,Large,892
10103020,,Large,893
10102021,,Large,894
10105006,,Large,895
10106016,,Large,896
10103008,,Large,897
10107011,,Large,898
10101038,,Large,899
10107018,,Large,900
10102027,,Large,906
10106047,,Large,907
10105029,,Large,908
10101085,,Large,909
10101092,,Large,924
10101093,,Large,925
10101094,,Large,926
10105035,,Large,927
10105037,,Large,928
10106053,,Large,937
10102001,Attr_22,Medium,956
10101010,Attr_22,Medium,957
10103003,Attr_22,Medium,958
10105001,Attr_22,Medium,959
10102016,Attr_22,Medium,960
10101008,Attr_22,Medium,961
10101004,Attr_22,Medium,962
10106004,Attr_22,Medium,963
10104001,Attr_22,Medium,964
10106002,Attr_22,Medium,965
10106008,Attr_22,Medium,966
10101005,Attr_22,Medium,967
10102005,Attr_22,Medium,968
10104006,Attr_22,Medium,969
10107017,Attr_22,Medium,970
10101059,Attr_22,Medium,971
10106009,Attr_22,Medium,972
10102025,Attr_22,Medium,973
10101048,Attr_22,Medium,974
10106014,Attr_22,Medium,975
10101033,Attr_22,Medium,976
10101034,Attr_22,Medium,977
10101035,Attr_22,Medium,978
10103004,Attr_22,Medium,979
10104004,Attr_22,Medium,980
10101027,Attr_22,Medium,981
10101047,Attr_22,Medium,982
10101031,Attr_22,Medium,983
10103006,Attr_22,Medium,984
10106010,Attr_22,Medium,985
10101030,Attr_22,Medium,986
10104005,Attr_22,Medium,987
10106027,Attr_22,Medium,988
10106012,Attr_22,Medium,989
10106019,Attr_22,Medium,990
10101050,Attr_22,Medium,991
10101051,Attr_22,Medium,992
10101007,Attr_22,Medium,993
10101029,Attr_22,Medium,994
10107010,Attr_22,Medium,995
10106020,Attr_22,Medium,996
10104008,Attr_22,Medium,997
10104007,Attr_22,Medium,998
10101061,Attr_22,Medium,999
10101063,Attr_22,Medium,1000
10101062,Attr_22,Medium,1001
10104016,Attr_22,Medium,1002
10101064,Attr_22,Medium,1003
10101065,Attr_22,Medium,1004
10101066,Attr_22,Medium,1005
10105005,Attr_22,Medium,1006
10101067,Attr_22,Medium,1007
10101049,Attr_22,Medium,1008
10101037,Attr_22,Medium,1009
10101039,Attr_22,Medium,1010
10101068,Attr_22,Medium,1011
10101020,Attr_22,Medium,1012
10106021,Attr_22,Medium,1013
10106033,Attr_22,Medium,1014
10104009,Attr_22,Medium,1024
10101083,Attr_22,Medium,1025
10104021,Attr_22,Medium,1026
10101086,Attr_22,Medium,1027
10105030,Attr_22,Medium,1028
10102030,Attr_22,Medium,1029
10103024,Attr_22,Medium,1030
10105034,Attr_22,Medium,1031
10106055,Attr_22,Medium,1032
10105036,Attr_22,Medium,1033
10101001,Attr_23,Small,1052
10102002,Attr_23,Small,1053
10101002,Attr_23,Small,1054
10101023,Attr_23,Small,1055
10102003,Attr_23,Small,1056
10102019,Attr_23,Small,1057
10104002,Attr_23,Small,1058
10107001,Attr_23,Small,1059
10102004,Attr_23,Small,1060
10101006,Attr_23,Small,1061
10101003,Attr_23,Small,1062
10102011,Attr_23,Small,1063
10101013,Attr_23,Small,1064
10101021,Attr_23,Small,1065
10106001,Attr_23,Small,1066
10106006,Attr_23,Small,1067
10102013,Attr_23,Small,1068
10101025,Attr_23,Small,1069
10105003,Attr_23,Small,1070
10105002,Attr_23,Small,1071
10106013,Attr_23,Small,1072
10106005,Attr_23,Small,1073
10101009,Attr_23,Small,1074
10101058,Attr_23,Small,1075
10106007,Attr_23,Small,1076
10101011,Attr_23,Small,1077
10105013,Attr_23,Small,1078
10106003,Attr_23,Small,1079
10105004,Attr_23,Small,1080
10101040,Attr_23,Small,1081
10103001,Attr_23,Small,1082
10101028,Attr_23,Small,1083
10101036,Attr_23,Small,1084
10107007,Attr_23,Small,1085
10101024,Attr_23,Small,1086
10101060,Attr_23,Small,1087
10101015,Attr_23,Small,1088
10101016,Attr_23,Small,1089
10106032,Attr_23,Small,1090
10102006,Attr_23,Small,1091
10106028,Attr_23,Small,1092
10106011,Attr_23,Small,1093
10103002,Attr_23,Small,1094
10102015,Attr_23,Small,1095
10106018,Attr_23,Small,1096
10103016,Attr_23,Small,1097
10103010,Attr_23,Small,1098
10103019,Attr_23,Small,1099
10101019,Attr_23,Small,1100
10106024,Attr_23,Small,1101
10105007,Attr_23,Small,1102
10107008,Attr_23,Small,1103
10102008,Attr_23,Small,1104
10101017,Attr_23,Small,1105
10103007,Attr_23,Small,1106
10103009,Attr_23,Small,1107
10106048,Attr_23,Small,1108
10105028,Attr_23,Small,1109
10101084,Attr_23,Small,1110
10102029,Attr_23,Small,1111
10103023,Attr_23,Small,1112
10106052,Attr_23,Small,1113
10106054,Attr_23,Small,1114
10102027,Attr_64,Cemetery,1115
10104021,Attr_64,Cemetery,1116
10106048,Attr_64,Cemetery,1117
10101084,Attr_64,Cemetery,1118
10101083,Attr_64,Cemetery,1119
10105030,Attr_64,Cemetery,1120
10101085,Attr_65,Ruins,1121
10106047,Attr_65,Ruins,1122
10101086,Attr_65,Ruins,1123
10104009,Attr_65,Ruins,1124
10105028,Attr_65,Ruins,1125
10105029,Attr_65,Ruins,1126
10102029,Attr_66,Clock Tower,1127
10103023,Attr_66,Clock Tower,1128
10101092,Attr_66,Clock Tower,1129
10101093,Attr_66,Clock Tower,1130
10102030,Attr_66,Clock Tower,1131
10105035,Attr_66,Clock Tower,1132
10103024,Attr_67,Nightmare,1133
10101094,Attr_67,Nightmare,1134
10106055,Attr_67,Nightmare,1135
10106052,Attr_68,Base,1136
10106053,Attr_68,Base,1137
10106054,Attr_68,Base,1138
10105034,Attr_68,Base,1139
10105036,Attr_68,Base,1140
10105037,Attr_68,Base,1141
10101115,Attr_70,Comodo,1156
10101116,Attr_70,Comodo,1157
10101117,Attr_70,Comodo,1158
10101118,Attr_70,Comodo,1159
10101119,Attr_70,Comodo,1160
10101120,Attr_70,Comodo,1161
10102035,Attr_70,Comodo,1162
10102036,Attr_70,Comodo,1163
10103029,Attr_70,Comodo,1164
10103030,Attr_70,Comodo,1165
10104027,Attr_70,Comodo,1166
10104028,Attr_70,Comodo,1167
10105050,Attr_70,Comodo,1168
10105051,Attr_70,Comodo,1169
10105052,Attr_70,Comodo,1170
10105053,Attr_70,Comodo,1171
10106068,Attr_70,Comodo,1172
10106069,Attr_70,Comodo,1173
10106070,Attr_70,Comodo,1174
10106071,Attr_70,Comodo,1175
